<?xml version="1.0" encoding="utf-8" ?>
<LicenseManagement Title="DlhSoft Project Management Library License Management" ProductName="Project Management Library WPF 4" ProductType="Component">
  <Assemblies>
    <Assembly Name="DlhSoft.ProjectData.Core" Version="4">
      <Types>
        <Type Name="DlhSoft.Windows.Data.TaskManager"/>
        <Type Name="DlhSoft.Windows.Data.ResourceManager"/>
        <Type Name="DlhSoft.Windows.Data.AssignmentManager"/>
        <Type Name="DlhSoft.Windows.Data.PredecessorManager"/>
        <Type Name="DlhSoft.Windows.Data.ScheduleDefinitionManager"/>
      </Types>
    </Assembly>
    <Assembly Name="DlhSoft.ProjectData.Management.Controls" Version="4">
      <Types>
        <Type Name="DlhSoft.Windows.Controls.TaskListView"/>
        <Type Name="DlhSoft.Windows.Controls.ResourceListView"/>
        <Type Name="DlhSoft.Windows.Controls.ScheduleDefinitionView"/>
      </Types>
    </Assembly>
    <Assembly Name="DlhSoft.ProjectData.GanttChart.Controls" Version="4">
      <Types>
        <Type Name="DlhSoft.Windows.Controls.TaskGanttChartViewBase"/>
        <Type Name="DlhSoft.Windows.Controls.ResourceGanttChartViewBase"/>
        <Type Name="DlhSoft.Windows.Controls.GanttChartView"/>
        <Type Name="DlhSoft.Windows.Controls.GanttChartTaskListView"/>
        <Type Name="DlhSoft.Windows.Controls.ScheduleChartView"/>
        <Type Name="DlhSoft.Windows.Controls.ScheduleChartResourceListView"/>
        <Type Name="DlhSoft.Windows.Controls.LoadChartView"/>
        <Type Name="DlhSoft.Windows.Controls.LoadChartResourceListView"/>
      </Types>
    </Assembly>
    <Assembly Name="DlhSoft.ProjectData.PertChart.LightWPF.Controls" Version="4">
      <Types>
        <Type Name="DlhSoft.Windows.Controls.Pert.PertChartView"/>
        <Type Name="DlhSoft.Windows.Controls.Pert.NetworkDiagramView"/>
      </Types>
    </Assembly>
  </Assemblies>
</LicenseManagement>