<?xml version="1.0" encoding="utf-8" ?>
<LicenseManagement Title="DlhSoft Hierarchical Data Library License Management" ProductName="Hierarchical Data Library WPF 4" ProductType="Component">
  <Assemblies>
    <Assembly Name="DlhSoft.HierarchicalData.Core" Version="4">
      <Types>
        <Type Name="DlhSoft.Windows.Data.NodeManager"/>
      </Types>
    </Assembly>
    <Assembly Name="DlhSoft.HierarchicalData.Controls" Version="4">
      <Types>
        <Type Name="DlhSoft.Windows.Controls.TreeListView"/>
      </Types>      
    </Assembly>
  </Assemblies>
</LicenseManagement>