<?xml version="1.0" encoding="utf-8" ?>
<LicenseManagement Title="DlhSoft Gantt Chart Light Library License Management" ProductName="Gantt Chart Light Library Silverlight-WPF 4" ProductType="Component">
  <Assemblies>
    <Assembly Name="DlhSoft.ProjectData.GanttChart.Silverlight.Controls" Version="4">
      <Types>
        <Type Name="DlhSoft.Windows.Controls.GanttChartView"/>
        <Type Name="DlhSoft.Windows.Controls.GanttChartDataGrid"/>
        <Type Name="DlhSoft.Windows.Controls.ScheduleChartView"/>
        <Type Name="DlhSoft.Windows.Controls.ScheduleChartDataGrid"/>
        <Type Name="DlhSoft.Windows.Controls.LoadChartView"/>
        <Type Name="DlhSoft.Windows.Controls.LoadChartDataGrid"/>
      </Types>      
    </Assembly>
    <Assembly Name="DlhSoft.ProjectData.GanttChart.LightWPF.Controls" Version="4">
      <Types>
        <Type Name="DlhSoft.Windows.Controls.GanttChartView"/>
        <Type Name="DlhSoft.Windows.Controls.GanttChartDataGrid"/>
        <Type Name="DlhSoft.Windows.Controls.ScheduleChartView"/>
        <Type Name="DlhSoft.Windows.Controls.ScheduleChartDataGrid"/>
        <Type Name="DlhSoft.Windows.Controls.LoadChartView"/>
        <Type Name="DlhSoft.Windows.Controls.LoadChartDataGrid"/>
      </Types>      
    </Assembly>
    <Assembly Name="DlhSoft.ProjectData.PertChart.Silverlight.Controls" Version="4">
      <Types>
        <Type Name="DlhSoft.Windows.Controls.Pert.PertChartView"/>
        <Type Name="DlhSoft.Windows.Controls.Pert.NetworkDiagramView"/>
      </Types>
    </Assembly>
    <Assembly Name="DlhSoft.ProjectData.PertChart.LightWPF.Controls" Version="4">
      <Types>
        <Type Name="DlhSoft.Windows.Controls.Pert.PertChartView"/>
        <Type Name="DlhSoft.Windows.Controls.Pert.NetworkDiagramView"/>
      </Types>
    </Assembly>
  </Assemblies>
</LicenseManagement>