<?xml version="1.0" encoding="utf-8" ?>
<LicenseManagement Title="DlhSoft Hierarchical Data Light Library License Management" ProductName="Hierarchical Data Light Library Silverlight-WPF 4" ProductType="Component">
  <Assemblies>
    <Assembly Name="DlhSoft.HierarchicalData.Silverlight.Controls" Version="4">
      <Types>
        <Type Name="DlhSoft.Windows.Controls.DataTreeGrid"/>
      </Types>      
    </Assembly>
    <Assembly Name="DlhSoft.HierarchicalData.LightWPF.Controls" Version="4">
      <Types>
        <Type Name="DlhSoft.Windows.Controls.DataTreeGrid"/>
      </Types>      
    </Assembly>
  </Assemblies>
</LicenseManagement>